Regions,Departements,Code_commune_insee,Commune,nombre_de_redevables,patrimoine_moyen_en_euros,impot_moyen_en_euros
AUVERGNE RHONE ALPES,AIN,01 053,BOURG-EN-BRESSE,161,2180490,7894
AUVERGNE RHONE ALPES,AIN,01 283,OYONNAX,91,2994693,11459
AUVERGNE RHONE ALPES,ALLIER,03 185,MONTLUCON,113,2592185,8478
AUVERGNE RHONE ALPES,ALLIER,03 310,VICHY,166,2472993,9345
AUVERGNE RHONE ALPES,CANTAL,15 014,AURILLAC,106,2565042,11263
AUVERGNE RHONE ALPES,DROME,26 198,MONTELIMAR,156,2486586,8297
AUVERGNE RHONE ALPES,DROME,26 281,ROMANS,95,2352834,7450
AUVERGNE RHONE ALPES,DROME,26 362,VALENCE,251,2668556,9622
AUVERGNE RHONE ALPES,HAUTE-SAVOIE,74 010,ANNECY,513,2299792,8108
AUVERGNE RHONE ALPES,HAUTE-SAVOIE,74 011,ANNECY-LE-VIEUX,422,2447130,9639
AUVERGNE RHONE ALPES,HAUTE-SAVOIE,74 012,ANNEMASSE,110,2132723,7186
AUVERGNE RHONE ALPES,HAUTE-SAVOIE,74 281,THONON-LES-BAINS,217,2529288,12007
AUVERGNE RHONE ALPES,ISERE,38 053,BOURGOIN JALLIEU,86,2506467,10409
AUVERGNE RHONE ALPES,ISERE,38 185,GRENOBLE,694,2557601,9616
AUVERGNE RHONE ALPES,ISERE,38 544,VIENNE,143,2286093,8189
AUVERGNE RHONE ALPES,ISERE,38 563,VOIRON,101,2651061,11183
AUVERGNE RHONE ALPES,LOIRE,42 187,ROANNE,108,2452448,9507
AUVERGNE RHONE ALPES,LOIRE,42 207,SAINT CHAMOND,76,2369010,8983
AUVERGNE RHONE ALPES,LOIRE,42 218,SAINT ETIENNE,486,2496941,9841
AUVERGNE RHONE ALPES,PUY-DE-DOME,63 113,CLERMONT-FERRAND,487,2524350,10207
AUVERGNE RHONE ALPES,RHONE,69 029,BRON,162,2428632,9311
AUVERGNE RHONE ALPES,RHONE,69 034,CALUIRE ET CUIRE,541,2651376,9493
AUVERGNE RHONE ALPES,RHONE,69 275,DECINES-CHARPIEU,51,2251365,8457
AUVERGNE RHONE ALPES,RHONE,69 123,LYON,4472,2723545,10622
AUVERGNE RHONE ALPES,RHONE,69 282,MEYZIEU,93,2745163,10954
AUVERGNE RHONE ALPES,RHONE,69 149,OULLINS,63,2195560,7672
AUVERGNE RHONE ALPES,RHONE,69 286,RILLIEUX LA PAPE,101,2558410,10514
AUVERGNE RHONE ALPES,RHONE,69 204,SAINT-GENIS-LAVAL,179,2336543,8354
AUVERGNE RHONE ALPES,RHONE,69 290,SAINT-PRIEST,77,2783118,9708
AUVERGNE RHONE ALPES,RHONE,69 202,STE FOY LES LYON,392,2820984,11591
AUVERGNE RHONE ALPES,RHONE,69 244,TASSIN-LA-DEMI-LUNE,243,2553555,9415
AUVERGNE RHONE ALPES,RHONE,69 264,VILLEFRANCHE-SUR-SAONE,103,2356899,9022
AUVERGNE RHONE ALPES,RHONE,69 266,VILLEURBANNE,283,2181989,6838
AUVERGNE RHONE ALPES,SAVOIE,73 008,AIX LES BAINS,210,2118911,7123
AUVERGNE RHONE ALPES,SAVOIE,73 011,ALBERTVILLE,69,2355345,8805
AUVERGNE RHONE ALPES,SAVOIE,73 065,CHAMBERY,325,2603904,10809
BOURGOGNE FRANCHE-COMTE,COTE-D'OR,21 054,BEAUNE,145,2799754,10414
BOURGOGNE FRANCHE-COMTE,COTE-D'OR,21 231,DIJON,686,2619708,8715
BOURGOGNE FRANCHE-COMTE,DOUBS,25 056,BESANCON,389,2506262,8867
BOURGOGNE FRANCHE-COMTE,DOUBS,25 388,MONTBELIARD,59,2009917,7332
BOURGOGNE FRANCHE-COMTE,JURA,39 198,DOLE,61,2384460,7226
BOURGOGNE FRANCHE-COMTE,NIEVRE,58 194,NEVERS,95,2582998,11075
BOURGOGNE FRANCHE-COMTE,SAONE-ET-LOIRE,71 076,CHALON SUR SAONE,140,2416103,9486
BOURGOGNE FRANCHE-COMTE,SAONE-ET-LOIRE,71 270,MACON,114,2714862,13330
BOURGOGNE FRANCHE-COMTE,TERRITOIRE DE BELFORT,90 010,BELFORT,106,2792758,12386
BOURGOGNE FRANCHE-COMTE,YONNE,89 024,AUXERRE,125,2386785,10292
BOURGOGNE FRANCHE-COMTE,YONNE,89 387,SENS,106,2647292,9016
BRETAGNE,COTES-D'ARMOR,22 113,LANNION,83,2202852,8329
BRETAGNE,COTES-D'ARMOR,22 278,SAINT-BRIEUC,176,2354863,8301
BRETAGNE,FINISTERE,29 019,BREST,264,2797367,9667
BRETAGNE,FINISTERE,29 232,QUIMPER,207,2366071,6606
BRETAGNE,ILLE-ET-VILAINE,35 115,FOUGERES,73,2272301,8176
BRETAGNE,ILLE-ET-VILAINE,35 238,RENNES,1220,2658348,10736
BRETAGNE,ILLE-ET-VILAINE,35 288,SAINT MALO,434,2505071,9444
BRETAGNE,MORBIHAN,56 121,LORIENT,145,2384774,8136
BRETAGNE,MORBIHAN,56 260,VANNES,458,2426263,9432
CENTRE VAL-DE-LOIRE,CHER,18 033,BOURGES,247,2213796,7876
CENTRE VAL-DE-LOIRE,EURE-ET-LOIR,28 085,CHARTRES,270,2466652,9771
CENTRE VAL-DE-LOIRE,EURE-ET-LOIR,28 134,DREUX,65,2543588,11937
CENTRE VAL-DE-LOIRE,INDRE,36 044,CHATEAUROUX,141,2607358,11469
CENTRE VAL-DE-LOIRE,INDRE-ET-LOIRE,37 122,JOUE LES TOURS,85,2388418,9307
CENTRE VAL-DE-LOIRE,INDRE-ET-LOIRE,37 261,TOURS,686,2440973,9863
CENTRE VAL-DE-LOIRE,LOIR-ET-CHER,41 018,BLOIS,162,2535596,11235
CENTRE VAL-DE-LOIRE,LOIRET,45 232,OLIVET,187,2274223,8937
CENTRE VAL-DE-LOIRE,LOIRET,45 234,ORLEANS,568,2315320,8884
CENTRE VAL-DE-LOIRE,LOIRET,45 284,SAINT JEAN DE BRAYE,69,2423804,11563
CORSE,CORSE-DU-SUD,2A 004,AJACCIO,261,2653221,11350
CORSE,HAUTE-CORSE,2B 033,BASTIA,113,2576936,11445
GRAND EST,ARDENNES,08 105,CHARLEVILLE MEZIERES,133,2234332,7988
GRAND EST,AUBE,10 387,TROYES,215,2823188,12436
GRAND EST,BAS-RHIN,67 180,HAGUENAU,150,2939466,13338
GRAND EST,BAS-RHIN,67 218,ILLKIRCH GRAFFENSTADEN,104,2251037,8366
GRAND EST,BAS-RHIN,67 447,SCHILTIGHEIM,69,2588457,10954
GRAND EST,BAS-RHIN,67 482,STRASBOURG,1786,3200911,13174
GRAND EST,HAUT-RHIN,68 066,COLMAR,288,2623236,10604
GRAND EST,HAUT-RHIN,68 224,MULHOUSE,353,2871665,11964
GRAND EST,HAUT-RHIN,68 297,SAINT LOUIS,72,2633618,11571
GRAND EST,HAUTE-MARNE,52 448,SAINT-DIZIER,54,3460378,10741
GRAND EST,MARNE,51 108,CHALONS EN CHAMPAGNE,127,2311212,8619
GRAND EST,MARNE,51 230,EPERNAY,101,2591556,10146
GRAND EST,MARNE,51 454,REIMS,784,2578058,10209
GRAND EST,MEURTHE-ET-MOSELLE,54 395,NANCY,658,2661338,11416
GRAND EST,MEURTHE-ET-MOSELLE,54 547,VANDOEUVRE LES NANCY,68,2344328,8088
GRAND EST,MOSELLE,57 463,METZ,412,2731864,11078
GRAND EST,MOSELLE,57 480,MONTIGNY LES METZ,111,2431736,10064
GRAND EST,MOSELLE,57 631,SARREGUEMINES,71,2610884,9295
GRAND EST,MOSELLE,57 672,THIONVILLE,211,2595951,11267
GRAND EST,VOSGES,88 160,EPINAL,111,3021095,14913
GUADELOUPE,GUADELOUPE,97113,LE GOSIER,87,2566150,10318
HAUTS DE FRANCE,AISNE,02 408,LAON,66,2309093,7498
HAUTS DE FRANCE,AISNE,02 691,SAINT QUENTIN,154,2508229,10559
HAUTS DE FRANCE,AISNE,02 722,SOISSONS,170,2488804,11234
HAUTS DE FRANCE,NORD,59 017,ARMENTIERES,51,2995247,14882
HAUTS DE FRANCE,NORD,59 122,CAMBRAI,159,2539302,8571
HAUTS DE FRANCE,NORD,59 163,CROIX,272,3933579,16511
HAUTS DE FRANCE,NORD,59 178,DOUAI,149,2442883,9226
HAUTS DE FRANCE,NORD,59 183,DUNKERQUE,245,2268455,8093
HAUTS DE FRANCE,NORD,59 279,HALLUIN,53,2328192,8874
HAUTS DE FRANCE,NORD,59 295,HAZEBROUCK,94,2382985,9468
HAUTS DE FRANCE,NORD,59 368,LA MADELEINE,165,2731495,10600
HAUTS DE FRANCE,NORD,59 328,LAMBERSART,242,2715184,10756
HAUTS DE FRANCE,NORD,59 350,LILLE,892,2637448,10568
HAUTS DE FRANCE,NORD,59 378,MARCQ EN BAROEUL,799,3123905,13498
HAUTS DE FRANCE,NORD,59 512,ROUBAIX,145,3056288,14195
HAUTS DE FRANCE,NORD,59 599,TOURCOING,132,2244306,8490
HAUTS DE FRANCE,NORD,59 606,VALENCIENNES,195,2205524,8254
HAUTS DE FRANCE,NORD,59 009,VILLENEUVE D'ASCQ,378,3158370,13878
HAUTS DE FRANCE,NORD,59 646,WASQUEHAL,213,2967861,13438
HAUTS DE FRANCE,OISE,60 057,BEAUVAIS,165,2738972,10785
HAUTS DE FRANCE,OISE,60 159,COMPIEGNE,322,2810282,12342
HAUTS DE FRANCE,PAS-DE-CALAIS,62 041,ARRAS,187,2588671,10081
HAUTS DE FRANCE,PAS-DE-CALAIS,62 119,BETHUNE,101,2334426,8220
HAUTS DE FRANCE,PAS-DE-CALAIS,62 160,BOULOGNE SUR MER,78,2350814,8971
HAUTS DE FRANCE,PAS-DE-CALAIS,62 193,CALAIS,100,2436692,9663
HAUTS DE FRANCE,PAS-DE-CALAIS,62 498,LENS,63,2498868,9699
HAUTS DE FRANCE,SOMME,80 001,ABBEVILLE,68,2443982,9557
HAUTS DE FRANCE,SOMME,80 021,AMIENS,505,2586486,9718
ILE-DE-FRANCE,ESSONNE,91 027,ATHIS MONS,65,2522030,12294
ILE-DE-FRANCE,ESSONNE,91 103,BRETIGNY SUR ORGE,51,2344526,8624
ILE-DE-FRANCE,ESSONNE,91 114,BRUNOY,168,2384062,9135
ILE-DE-FRANCE,ESSONNE,91 174,CORBEIL ESSONNES,62,2668807,11295
ILE-DE-FRANCE,ESSONNE,91 201,DRAVEIL,132,2482524,11354
ILE-DE-FRANCE,ESSONNE,91 223,ETAMPES,64,2470683,10591
ILE-DE-FRANCE,ESSONNE,91 272,GIF SUR YVETTE,361,2266502,7388
ILE-DE-FRANCE,ESSONNE,91 345,LONGJUMEAU,54,2333671,10393
ILE-DE-FRANCE,ESSONNE,91 377,MASSY,93,2058246,7301
ILE-DE-FRANCE,ESSONNE,91 421,MONTGERON,156,2379212,7948
ILE-DE-FRANCE,ESSONNE,91 434,MORSANG SUR ORGE,78,2412153,9871
ILE-DE-FRANCE,ESSONNE,91 477,PALAISEAU,227,3653336,11616
ILE-DE-FRANCE,ESSONNE,91 589,SAVIGNY SUR ORGE,129,2081204,6318
ILE-DE-FRANCE,ESSONNE,91 549,STE GENEVIEVE DES BOIS,146,2231196,7201
ILE-DE-FRANCE,ESSONNE,91 687,VIRY CHATILLON,65,1976559,6034
ILE-DE-FRANCE,ESSONNE,91 691,YERRES,130,2162765,7269
ILE-DE-FRANCE,HAUTS-DE-SEINE,92 002,ANTONY,828,2242501,7726
ILE-DE-FRANCE,HAUTS-DE-SEINE,92 004,ASNIERES,791,2400204,8671
ILE-DE-FRANCE,HAUTS-DE-SEINE,92 007,BAGNEUX,68,2101211,6910
ILE-DE-FRANCE,HAUTS-DE-SEINE,92 009,BOIS-COLOMBES,343,2192812,7477
ILE-DE-FRANCE,HAUTS-DE-SEINE,92 012,BOULOGNE BILLANCOURT,3716,2851989,12125
ILE-DE-FRANCE,HAUTS-DE-SEINE,92 014,BOURG LA REINE,453,2568296,10330
ILE-DE-FRANCE,HAUTS-DE-SEINE,92 019,CHATENAY MALABRY,295,2442846,9487
ILE-DE-FRANCE,HAUTS-DE-SEINE,92 020,CHATILLON,250,2309292,8004
ILE-DE-FRANCE,HAUTS-DE-SEINE,92 023,CLAMART,658,2484709,9703
ILE-DE-FRANCE,HAUTS-DE-SEINE,92 024,CLICHY,116,2340911,8201
ILE-DE-FRANCE,HAUTS-DE-SEINE,92 025,COLOMBES,442,2275053,8001
ILE-DE-FRANCE,HAUTS-DE-SEINE,92 026,COURBEVOIE,1055,2305869,8169
ILE-DE-FRANCE,HAUTS-DE-SEINE,92 032,FONTENAY AUX ROSES,268,2111889,6936
ILE-DE-FRANCE,HAUTS-DE-SEINE,92 040,ISSY LES MOULINEAUX,854,2311418,8365
ILE-DE-FRANCE,HAUTS-DE-SEINE,92 035,LA GARENNE COLOMBES,305,2326104,9039
ILE-DE-FRANCE,HAUTS-DE-SEINE,92 060,LE PLESSIS ROBINSON,191,2136295,7625
ILE-DE-FRANCE,HAUTS-DE-SEINE,92 044,LEVALLOIS-PERRET,1315,2925743,10378
ILE-DE-FRANCE,HAUTS-DE-SEINE,92 046,MALAKOFF,151,2326632,8323
ILE-DE-FRANCE,HAUTS-DE-SEINE,92 048,MEUDON,968,2589589,10034
ILE-DE-FRANCE,HAUTS-DE-SEINE,92 049,MONTROUGE,405,2569193,11711
ILE-DE-FRANCE,HAUTS-DE-SEINE,92 050,NANTERRE,251,2174986,7561
ILE-DE-FRANCE,HAUTS-DE-SEINE,92 051,NEUILLY SUR SEINE,5859,5273023,21563
ILE-DE-FRANCE,HAUTS-DE-SEINE,92 062,PUTEAUX,358,2324767,8467
ILE-DE-FRANCE,HAUTS-DE-SEINE,92 063,RUEIL MALMAISON,1559,2552207,9408
ILE-DE-FRANCE,HAUTS-DE-SEINE,92 064,SAINT CLOUD,1358,3233460,14682
ILE-DE-FRANCE,HAUTS-DE-SEINE,92 071,SCEAUX,767,2763641,13238
ILE-DE-FRANCE,HAUTS-DE-SEINE,92 072,SEVRES,645,2615549,10549
ILE-DE-FRANCE,HAUTS-DE-SEINE,92 073,SURESNES,592,2538228,10034
ILE-DE-FRANCE,HAUTS-DE-SEINE,92 075,VANVES,363,2368427,8655
ILE-DE-FRANCE,PARIS,75 101,PARIS 1,783,3550904,17554
ILE-DE-FRANCE,PARIS,75 102,PARIS 2,509,2609720,9478
ILE-DE-FRANCE,PARIS,75 103,PARIS 3,1159,3122041,13674
ILE-DE-FRANCE,PARIS,75 104,PARIS 4,1259,3598911,16433
ILE-DE-FRANCE,PARIS,75 105,PARIS 5,2637,2914535,12783
ILE-DE-FRANCE,PARIS,75 106,PARIS 6,3923,4202230,21484
ILE-DE-FRANCE,PARIS,75 107,PARIS 7,5757,5296113,27178
ILE-DE-FRANCE,PARIS,75 108,PARIS 8,3129,4147053,21691
ILE-DE-FRANCE,PARIS,75 109,PARIS 9,1829,2769556,11363
ILE-DE-FRANCE,PARIS,75 110,PARIS 10,1036,2374462,9264
ILE-DE-FRANCE,PARIS,75 111,PARIS 11,2153,2610053,10118
ILE-DE-FRANCE,PARIS,75 112,PARIS 12,2397,2409164,9333
ILE-DE-FRANCE,PARIS,75 113,PARIS 13,2090,2484723,9973
ILE-DE-FRANCE,PARIS,75 114,PARIS 14,3390,2930329,12191
ILE-DE-FRANCE,PARIS,75 115,PARIS 15,6768,2657654,11064
ILE-DE-FRANCE,PARIS,75 116,PARIS 16,14369,4194198,21473
ILE-DE-FRANCE,PARIS,75 117,PARIS 17,6189,3102863,13655
ILE-DE-FRANCE,PARIS,75 118,PARIS 18,1513,2814132,12414
ILE-DE-FRANCE,PARIS,75 119,PARIS 19,1083,2420870,9617
ILE-DE-FRANCE,PARIS,75 120,PARIS 20,1150,2289596,8380
ILE-DE-FRANCE,SEINE-ET-MARNE,77 058,BUSSY ST GEORGES,71,2451901,8405
ILE-DE-FRANCE,SEINE-ET-MARNE,77 108,CHELLES,125,2228244,8599
ILE-DE-FRANCE,SEINE-ET-MARNE,77 243,LAGNY SUR MARNE,95,3119245,12050
ILE-DE-FRANCE,SEINE-ET-MARNE,77 284,MEAUX,134,2428061,10060
ILE-DE-FRANCE,SEINE-ET-MARNE,77 288,MELUN,116,2605514,10909
ILE-DE-FRANCE,SEINE-ET-MARNE,77 350,OZOIR LA FERRIERE,81,2641696,12326
ILE-DE-FRANCE,SEINE-ET-MARNE,77 373,PONTAULT COMBAULT,65,2126701,7972
ILE-DE-FRANCE,SEINE-SAINT-DENIS,93 005,AULNAY SOUS BOIS,156,2290518,9135
ILE-DE-FRANCE,SEINE-SAINT-DENIS,93 006,BAGNOLET,59,2155137,6846
ILE-DE-FRANCE,SEINE-SAINT-DENIS,93 029,DRANCY,89,2293228,9742
ILE-DE-FRANCE,SEINE-SAINT-DENIS,93 031,EPINAY SUR SEINE,56,2039594,6799
ILE-DE-FRANCE,SEINE-SAINT-DENIS,93 032,GAGNY,120,2196125,7463
ILE-DE-FRANCE,SEINE-SAINT-DENIS,93 045,LES LILAS,125,2694982,14602
ILE-DE-FRANCE,SEINE-SAINT-DENIS,93 057,LES PAVILLONS SOUS BOIS,86,2166660,7704
ILE-DE-FRANCE,SEINE-SAINT-DENIS,93 046,LIVRY GARGAN,103,2077160,7673
ILE-DE-FRANCE,SEINE-SAINT-DENIS,93 048,MONTREUIL SOUS BOIS,231,2316897,8980
ILE-DE-FRANCE,SEINE-SAINT-DENIS,93 049,NEUILLY PLAISANCE,73,2005848,6444
ILE-DE-FRANCE,SEINE-SAINT-DENIS,93 051,NOISY LE GRAND,147,2255327,9740
ILE-DE-FRANCE,SEINE-SAINT-DENIS,93 053,NOISY LE SEC,60,2253343,8951
ILE-DE-FRANCE,SEINE-SAINT-DENIS,93 055,PANTIN,82,2117467,8109
ILE-DE-FRANCE,SEINE-SAINT-DENIS,93 064,ROSNY SOUS BOIS,90,2088549,7168
ILE-DE-FRANCE,SEINE-SAINT-DENIS,93 066,SAINT DENIS,55,2190930,7825
ILE-DE-FRANCE,SEINE-SAINT-DENIS,93 070,SAINT OUEN,63,2060311,7240
ILE-DE-FRANCE,SEINE-SAINT-DENIS,93 077,VILLEMOMBLE,188,2386218,8543
ILE-DE-FRANCE,VAL-D'OISE,95 018,ARGENTEUIL,134,2537354,9626
ILE-DE-FRANCE,VAL-D'OISE,95 127,CERGY,89,2106138,6881
ILE-DE-FRANCE,VAL-D'OISE,95 176,CORMEILLES EN PARISIS,128,2233429,8575
ILE-DE-FRANCE,VAL-D'OISE,95 197,DEUIL LA BARRE,113,2042633,7017
ILE-DE-FRANCE,VAL-D'OISE,95 203,EAUBONNE,138,2095285,7197
ILE-DE-FRANCE,VAL-D'OISE,95 219,ERMONT,102,2025564,6699
ILE-DE-FRANCE,VAL-D'OISE,95 252,FRANCONVILLE,52,2956887,13975
ILE-DE-FRANCE,VAL-D'OISE,95 306,HERBLAY,112,2324774,9485
ILE-DE-FRANCE,VAL-D'OISE,95 428,MONTMORENCY,308,2643998,11522
ILE-DE-FRANCE,VAL-D'OISE,95 500,PONTOISE,102,2399749,9531
ILE-DE-FRANCE,VAL-D'OISE,95 582,SANNOIS,79,2375769,8445
ILE-DE-FRANCE,VAL-D'OISE,95 555,ST GRATIEN,121,2385216,8012
ILE-DE-FRANCE,VAL-D'OISE,95 607,TAVERNY,95,2098600,7400
ILE-DE-FRANCE,VAL-DE-MARNE,94 002,ALFORTVILLE,73,2187458,8537
ILE-DE-FRANCE,VAL-DE-MARNE,94 016,CACHAN,153,2199390,6802
ILE-DE-FRANCE,VAL-DE-MARNE,94 017,CHAMPIGNY SUR MARNE,160,2423242,9516
ILE-DE-FRANCE,VAL-DE-MARNE,94 018,CHARENTON LE PONT,433,2377743,8827
ILE-DE-FRANCE,VAL-DE-MARNE,94 022,CHOISY LE ROI,78,2414415,10703
ILE-DE-FRANCE,VAL-DE-MARNE,94 028,CRETEIL,229,2212340,7525
ILE-DE-FRANCE,VAL-DE-MARNE,94 033,FONTENAY SOUS BOIS,584,2661493,10536
ILE-DE-FRANCE,VAL-DE-MARNE,94 034,FRESNES,57,2398728,8550
ILE-DE-FRANCE,VAL-DE-MARNE,94 041,IVRY SUR SEINE,110,2613595,7151
ILE-DE-FRANCE,VAL-DE-MARNE,94 038,L'HAY LES ROSES,206,2171086,7400
ILE-DE-FRANCE,VAL-DE-MARNE,94 043,LE KREMLIN BICETRE,62,2096896,6973
ILE-DE-FRANCE,VAL-DE-MARNE,94 058,LE PERREUX SUR MARNE,442,2366705,9074
ILE-DE-FRANCE,VAL-DE-MARNE,94 046,MAISONS ALFORT,298,2191468,8138
ILE-DE-FRANCE,VAL-DE-MARNE,94 052,NOGENT SUR MARNE,758,2779479,11364
ILE-DE-FRANCE,VAL-DE-MARNE,94 067,SAINT MANDE,823,2843223,12819
ILE-DE-FRANCE,VAL-DE-MARNE,94 068,SAINT MAUR DES FOSSES,1598,2630134,10314
ILE-DE-FRANCE,VAL-DE-MARNE,94 071,SUCY EN BRIE,184,2255246,8423
ILE-DE-FRANCE,VAL-DE-MARNE,94 073,THIAIS,130,2364339,9977
ILE-DE-FRANCE,VAL-DE-MARNE,94 076,VILLEJUIF,102,2334687,8535
ILE-DE-FRANCE,VAL-DE-MARNE,94 079,VILLIERS SUR MARNE,87,2052699,6879
ILE-DE-FRANCE,VAL-DE-MARNE,94 080,VINCENNES,1010,2377323,9047
ILE-DE-FRANCE,VAL-DE-MARNE,94 081,VITRY SUR SEINE,143,2076689,7010
ILE-DE-FRANCE,YVELINES,78 146,CHATOU,663,2586083,10162
ILE-DE-FRANCE,YVELINES,78 172,CONFLANS-SAINTE-HONORINE,105,2269020,7198
ILE-DE-FRANCE,YVELINES,78 208,ELANCOURT,73,1922935,5811
ILE-DE-FRANCE,YVELINES,78 297,GUYANCOURT,67,1905645,5047
ILE-DE-FRANCE,YVELINES,78 311,HOUILLES,148,1995211,6578
ILE-DE-FRANCE,YVELINES,78 126,LA CELLE-SAINT-CLOUD,523,2811431,11545
ILE-DE-FRANCE,YVELINES,78 158,LE CHESNAY,716,2550252,10598
ILE-DE-FRANCE,YVELINES,78 358,MAISONS-LAFFITTE,614,2469095,9511
ILE-DE-FRANCE,YVELINES,78 361,MANTES-LA-JOLIE,84,2617945,12256
ILE-DE-FRANCE,YVELINES,78 423,MONTIGNY-LE-BRETONNEUX,121,1964861,6173
ILE-DE-FRANCE,YVELINES,78 490,PLAISIR,116,2346232,8108
ILE-DE-FRANCE,YVELINES,78 498,POISSY,145,2217989,8505
ILE-DE-FRANCE,YVELINES,78 517,RAMBOUILLET,232,2427773,8954
ILE-DE-FRANCE,YVELINES,78 551,SAINT-GERMAIN-EN-LAYE,1222,2644865,10382
ILE-DE-FRANCE,YVELINES,78 586,SARTROUVILLE,157,2117362,6924
ILE-DE-FRANCE,YVELINES,78 640,VELIZY-VILLACOUBLAY,124,1966286,5934
ILE-DE-FRANCE,YVELINES,78 646,VERSAILLES,2669,2683294,10976
MARTINIQUE,MARTINIQUE,97209,FORT DE FRANCE,93,2940263,11663
MARTINIQUE,MARTINIQUE,97229,SCHOELCHER,64,2746021,12361
NORMANDIE,CALVADOS,14 118,CAEN,578,2583494,10418
NORMANDIE,EURE,27 229,EVREUX,145,2374740,9007
NORMANDIE,EURE,27 681,VERNON,93,2129501,7249
NORMANDIE,MANCHE,50 129,CHERBOURG OCTEVILLE,106,2495888,9222
NORMANDIE,MANCHE,50 502,SAINT LO,52,2312265,6332
NORMANDIE,ORNE,61 001,ALENCON,78,2331616,8830
NORMANDIE,SEINE-MARITIME,76 217,DIEPPE,102,2194265,7794
NORMANDIE,SEINE-MARITIME,76 351,LE HAVRE,375,2472683,10021
NORMANDIE,SEINE-MARITIME,76 451,MONT SAINT AIGNAN,330,2838346,10335
NORMANDIE,SEINE-MARITIME,76 540,ROUEN,537,2385454,9195
NOUVELLE AQUITAINE,CHARENTE,16 015,ANGOULEME,142,2484784,8786
NOUVELLE AQUITAINE,CHARENTE-MARITIME,17 300,LA ROCHELLE,577,2545694,10099
NOUVELLE AQUITAINE,CHARENTE-MARITIME,17 299,ROCHEFORT,53,2166622,7455
NOUVELLE AQUITAINE,CHARENTE-MARITIME,17 415,SAINTES,102,2265040,8286
NOUVELLE AQUITAINE,CORREZE,19 031,BRIVE,222,2507783,10117
NOUVELLE AQUITAINE,DEUX-SEVRES,79 191,NIORT,215,2891679,12812
NOUVELLE AQUITAINE,DORDOGNE,24 037,BERGERAC,113,2057581,7043
NOUVELLE AQUITAINE,DORDOGNE,24 322,PERIGUEUX,109,2337488,10408
NOUVELLE AQUITAINE,GIRONDE,33 063,BORDEAUX,2433,2668292,10657
NOUVELLE AQUITAINE,GIRONDE,33 162,EYSINES,88,2250294,7674
NOUVELLE AQUITAINE,GIRONDE,33 192,GRADIGNAN,153,2430869,8807
NOUVELLE AQUITAINE,GIRONDE,33 199,GUJAN-MESTRAS,84,2146899,7007
NOUVELLE AQUITAINE,GIRONDE,33 529,LA TESTE DE BUCH,283,2456808,9610
NOUVELLE AQUITAINE,GIRONDE,33 069,LE BOUSCAT,321,3292752,11165
NOUVELLE AQUITAINE,GIRONDE,33 243,LIBOURNE,132,2492470,9993
NOUVELLE AQUITAINE,GIRONDE,33 281,MERIGNAC,271,2333722,9168
NOUVELLE AQUITAINE,GIRONDE,33 318,PESSAC,235,2308687,8206
NOUVELLE AQUITAINE,GIRONDE,33 449,SAINT-MEDARD-EN-JALLES,101,2188422,7044
NOUVELLE AQUITAINE,GIRONDE,33 522,TALENCE,184,2484965,9372
NOUVELLE AQUITAINE,GIRONDE,33 550,VILLENAVE-D'ORNON,89,2869742,7824
NOUVELLE AQUITAINE,HAUTE-VIENNE,87 085,LIMOGES,490,3049419,12831
NOUVELLE AQUITAINE,LANDES,40 088,DAX,106,2641614,11152
NOUVELLE AQUITAINE,LANDES,40 192,MONT-DE-MARSAN,94,2243897,7702
NOUVELLE AQUITAINE,LOT-ET-GARONNE,47 001,AGEN,109,2519387,10499
NOUVELLE AQUITAINE,LOT-ET-GARONNE,47 323,VILLENEUVE SUR LOT,70,2376359,9232
NOUVELLE AQUITAINE,PYRENEES-ATLANTIQUES,64 024,ANGLET,403,2410708,9381
NOUVELLE AQUITAINE,PYRENEES-ATLANTIQUES,64 102,BAYONNE,263,2486124,10693
NOUVELLE AQUITAINE,PYRENEES-ATLANTIQUES,64 122,BIARRITZ,545,2475343,9988
NOUVELLE AQUITAINE,PYRENEES-ATLANTIQUES,64 445,PAU,445,2568859,8411
NOUVELLE AQUITAINE,VIENNE,86 066,CHATELLERAULT,80,2387976,9178
NOUVELLE AQUITAINE,VIENNE,86 194,POITIERS,306,2553645,9803
OCCITANIE,AUDE,11 069,CARCASSONNE,138,2310152,9098
OCCITANIE,AUDE,11 262,NARBONNE,168,2408427,8930
OCCITANIE,AVEYRON,12 145,MILLAU,65,2730494,11983
OCCITANIE,AVEYRON,12 202,RODEZ,147,2324394,9554
OCCITANIE,GARD,30 007,ALES,123,2268568,7670
OCCITANIE,GARD,30 189,NIMES,698,2371829,9248
OCCITANIE,GERS,32 013,AUCH,86,2141574,6567
OCCITANIE,HAUTE-GARONNE,31 069,BLAGNAC,97,2323229,8447
OCCITANIE,HAUTE-GARONNE,31 149,COLOMIERS,94,2098213,5912
OCCITANIE,HAUTE-GARONNE,31 395,MURET,85,2449009,7352
OCCITANIE,HAUTE-GARONNE,31 555,TOULOUSE,2727,2475766,9492
OCCITANIE,HAUTE-GARONNE,31 557,TOURNEFEUILLE,176,2516696,8584
OCCITANIE,HAUTES-PYRENEES,65 440,TARBES,88,2221677,8770
OCCITANIE,HERAULT,34 003,AGDE,178,2172358,7388
OCCITANIE,HERAULT,34 032,BEZIERS,286,2645211,10728
OCCITANIE,HERAULT,34 108,FRONTIGNAN,52,2152425,8887
OCCITANIE,HERAULT,34 145,LUNEL,57,2269234,7926
OCCITANIE,HERAULT,34 172,MONTPELLIER,1149,2490998,9484
OCCITANIE,HERAULT,34 301,SETE,232,2494031,8829
OCCITANIE,LOT,46 042,CAHORS,70,2115266,7963
OCCITANIE,PYRENEES-ORIENTALES,66 136,PERPIGNAN,488,2481145,9919
OCCITANIE,TARN,81 004,ALBI,199,2294897,8356
OCCITANIE,TARN,81 065,CASTRES,142,2276287,7373
OCCITANIE,TARN-ET-GARONNE,82 121,MONTAUBAN,235,2572023,10048
PAYS DE LA LOIRE,LOIRE-ATLANTIQUE,44 109,NANTES,2084,2669574,9709
PAYS DE LA LOIRE,LOIRE-ATLANTIQUE,44 114,ORVAULT,177,2343634,8896
PAYS DE LA LOIRE,LOIRE-ATLANTIQUE,44 143,REZE,77,2093102,6779
PAYS DE LA LOIRE,LOIRE-ATLANTIQUE,44 162,ST HERBLAIN,87,2506800,8810
PAYS DE LA LOIRE,LOIRE-ATLANTIQUE,44 184,ST NAZAIRE,179,2271747,6625
PAYS DE LA LOIRE,LOIRE-ATLANTIQUE,44 190,ST SEBASTIEN SUR LOIRE,90,2252507,9201
PAYS DE LA LOIRE,LOIRE-ATLANTIQUE,44 215,VERTOU,167,2533936,7777
PAYS DE LA LOIRE,MAINE-ET-LOIRE,49 007,ANGERS,625,2407380,8777
PAYS DE LA LOIRE,MAINE-ET-LOIRE,49 099,CHOLET,185,2392281,8776
PAYS DE LA LOIRE,MAINE-ET-LOIRE,49 328,SAUMUR,117,2509972,8831
PAYS DE LA LOIRE,MAYENNE,53 130,LAVAL,219,2801511,12506
PAYS DE LA LOIRE,SARTHE,72 181,LE MANS,517,2552260,9621
PAYS DE LA LOIRE,VENDEE,85 191,LA ROCHE SUR YON,171,2522725,10251
PROVENCE ALPES COTE-D'AZUR,ALPES-DE-HAUTE-PROVENCE,04 112,MANOSQUE,135,2438748,11707
PROVENCE ALPES COTE-D'AZUR,ALPES-MARITIMES,06 004,ANTIBES,946,2535597,10174
PROVENCE ALPES COTE-D'AZUR,ALPES-MARITIMES,06 027,CAGNES SUR MER,386,2232024,8788
PROVENCE ALPES COTE-D'AZUR,ALPES-MARITIMES,06 029,CANNES,1492,3080078,13644
PROVENCE ALPES COTE-D'AZUR,ALPES-MARITIMES,06 069,GRASSE,333,2434024,10173
PROVENCE ALPES COTE-D'AZUR,ALPES-MARITIMES,06 030,LE CANNET,371,2590332,11034
PROVENCE ALPES COTE-D'AZUR,ALPES-MARITIMES,06 079,MANDELIEU LA NAPOULE,353,2361583,9514
PROVENCE ALPES COTE-D'AZUR,ALPES-MARITIMES,06 083,MENTON,217,2296533,8186
PROVENCE ALPES COTE-D'AZUR,ALPES-MARITIMES,06 900,MONACO,558,3835626,26789
PROVENCE ALPES COTE-D'AZUR,ALPES-MARITIMES,06 088,NICE,2973,2573620,10366
PROVENCE ALPES COTE-D'AZUR,ALPES-MARITIMES,06 123,SAINT LAURENT DU VAR,202,2281757,9314
PROVENCE ALPES COTE-D'AZUR,ALPES-MARITIMES,06 155,VALLAURIS,331,2465347,9805
PROVENCE ALPES COTE-D'AZUR,BOUCHES-DU-RHONE,13 001,AIX EN PROVENCE,1872,2734938,10692
PROVENCE ALPES COTE-D'AZUR,BOUCHES-DU-RHONE,13 002,ALLAUCH,127,2236012,8691
PROVENCE ALPES COTE-D'AZUR,BOUCHES-DU-RHONE,13 004,ARLES,193,2350865,9245
PROVENCE ALPES COTE-D'AZUR,BOUCHES-DU-RHONE,13 005,AUBAGNE,231,2381830,10096
PROVENCE ALPES COTE-D'AZUR,BOUCHES-DU-RHONE,13 041,GARDANNE,54,1985030,6822
PROVENCE ALPES COTE-D'AZUR,BOUCHES-DU-RHONE,13 047,ISTRES,70,2785242,13094
PROVENCE ALPES COTE-D'AZUR,BOUCHES-DU-RHONE,13 028,LA CIOTAT,254,2307355,8537
PROVENCE ALPES COTE-D'AZUR,BOUCHES-DU-RHONE,13 071,LES PENNES MIRABEAU,70,2234188,6343
PROVENCE ALPES COTE-D'AZUR,BOUCHES-DU-RHONE,13 054,MARIGNANE,73,2153460,7715
PROVENCE ALPES COTE-D'AZUR,BOUCHES-DU-RHONE,13 055,MARSEILLE,3821,2655857,10289
PROVENCE ALPES COTE-D'AZUR,BOUCHES-DU-RHONE,13 056,MARTIGUES,96,2114240,7122
PROVENCE ALPES COTE-D'AZUR,BOUCHES-DU-RHONE,13 103,SALON DE PROVENCE,162,2153885,7962
PROVENCE ALPES COTE-D'AZUR,HAUTES-ALPES,05 061,GAP,205,2320903,7325
PROVENCE ALPES COTE-D'AZUR,VAR,83 050,DRAGUIGNAN,201,2192573,7977
PROVENCE ALPES COTE-D'AZUR,VAR,83 061,FREJUS,381,2280267,9265
PROVENCE ALPES COTE-D'AZUR,VAR,83 069,HYERES,538,2327550,7944
PROVENCE ALPES COTE-D'AZUR,VAR,83 062,LA GARDE,94,2358219,8744
PROVENCE ALPES COTE-D'AZUR,VAR,83 126,LA SEYNE SUR MER,169,2022824,6895
PROVENCE ALPES COTE-D'AZUR,VAR,83 144,LA VALETTE,99,2021229,7043
PROVENCE ALPES COTE-D'AZUR,VAR,83 118,SAINT-RAPHAEL,769,2439980,9404
PROVENCE ALPES COTE-D'AZUR,VAR,83 129,SIX-FOURS-LES-PLAGES,245,2139582,7398
PROVENCE ALPES COTE-D'AZUR,VAR,83 137,TOULON,675,2396359,9359
PROVENCE ALPES COTE-D'AZUR,VAUCLUSE,84 007,AVIGNON,347,2534420,9952
PROVENCE ALPES COTE-D'AZUR,VAUCLUSE,84 031,CARPENTRAS,134,2677131,10291
PROVENCE ALPES COTE-D'AZUR,VAUCLUSE,84 035,CAVAILLON,93,2306787,7785
PROVENCE ALPES COTE-D'AZUR,VAUCLUSE,84 087,ORANGE,96,2210655,8010
REUNION,LA REUNION,97408,LA POSSESSION,74,2125650,7882
REUNION,LA REUNION,97411,SAINT DENIS,517,2452215,9900
REUNION,LA REUNION,97415,SAINT PAUL,289,2576042,10608
REUNION,LA REUNION,97416,SAINT PIERRE,164,2479504,9746
REUNION,LA REUNION,97418,SAINTE MARIE,69,2783420,9537
REUNION,LA REUNION,97422,TAMPON,139,2215185,8354